{"actions":[],"apps":[{"acl":{"app":[],"field":[],"record":[]},"app":null,"category":{"categories":[],"useCategory":"false"},"form":{"layout":"[{\"id\":null,\"type\":\"ROW\",\"isSubTable\":false,\"var\":null,\"label\":null,\"controlList\":[{\"isVirtical\":true,\"styleMap\":{\"width\":117},\"type\":\"DATE\",\"var\":\"useMonth\",\"label\":\"Month used\"},{\"isVirtical\":true,\"styleMap\":{\"width\":193},\"type\":\"DECIMAL\",\"var\":\"totalRequest\",\"label\":\"Total requests\"}]},{\"id\":null,\"type\":\"ROW\",\"isSubTable\":false,\"var\":null,\"label\":null,\"controlList\":[{\"label\":\"\\u003Cdiv\\u003E\\u003Cb\\u003E\\u003Cfont size=\\\"4\\\" color=\\\"#45818e\\\"\\u003EApp request information\\u003C/font\\u003E\\u003C/b\\u003E\\u003C/div\\u003E\",\"styleMap\":{\"width\":218},\"formatted\":\"\\u003Cdiv\\u003E\\u003Cb\\u003E\\u003Cfont size=\\\"4\\\" color=\\\"#45818e\\\"\\u003EApp request information\\u003C/font\\u003E\\u003C/b\\u003E\\u003C/div\\u003E\",\"type\":\"LABEL\"}]},{\"id\":\"5738658\",\"type\":\"SUBTABLE\",\"isSubTable\":true,\"var\":\"appTable\",\"label\":\"Table\",\"controlList\":[{\"isVirtical\":true,\"styleMap\":{\"width\":193},\"type\":\"SINGLE_LINE_TEXT\",\"var\":\"chobiitAppId\",\"label\":\"AppId\"},{\"isVirtical\":true,\"styleMap\":{\"width\":193},\"type\":\"DECIMAL\",\"var\":\"appRequest\",\"label\":\"Number of requests\"}]},{\"id\":null,\"type\":\"ROW\",\"isSubTable\":false,\"var\":null,\"label\":null,\"controlList\":[{\"label\":\"\\u003Cdiv\\u003E\\u003Cb\\u003E\\u003Cfont size=\\\"4\\\" color=\\\"#45818e\\\"\\u003EUser Request Information\\u003C/font\\u003E\\u003C/b\\u003E\\u003C/div\\u003E\",\"styleMap\":{\"width\":229},\"formatted\":\"\\u003Cdiv\\u003E\\u003Cb\\u003E\\u003Cfont size=\\\"4\\\" color=\\\"#45818e\\\"\\u003EUser Request Information\\u003C/font\\u003E\\u003C/b\\u003E\\u003C/div\\u003E\",\"type\":\"LABEL\"}]},{\"id\":\"5738659\",\"type\":\"SUBTABLE\",\"isSubTable\":true,\"var\":\"userTable\",\"label\":\"Table\",\"controlList\":[{\"isVirtical\":true,\"styleMap\":{\"width\":193},\"type\":\"SINGLE_LINE_TEXT\",\"var\":\"chobiitUser\",\"label\":\"User Name\"},{\"isVirtical\":true,\"styleMap\":{\"width\":193},\"type\":\"DECIMAL\",\"var\":\"userRequest\",\"label\":\"Number of requests\"}]}]","revision":null},"iconMeta":{"internalName":null,"mime":"image/png","name":"app.png"},"info":{"automaticallyChooseTitleComponent":"true","code":null,"decimalPrecision":"16","decimalScale":"4","description":"\u003Cdiv\u003E\u003Cbr /\u003E\u003C/div\u003E","enableBulkDeletion":"false","enableRecordReuse":"true","fiscalYearStartMonth":"1","iconKey":"1102","iconType":"BLOB","jsFiles":null,"jsScope":"ALL","name":"[Chobiit] Setting app","roundingMode":"HALF_EVEN","theme":"PLAIN","titleComponentLocalId":null,"useComment":"true","useHistory":"true","useThumbnail":"true"},"jsFiles":[],"notification":{"appNotifications":[{"events":["RECORD_COMMENT_ADDED"],"target":{"entityId":"5738647","entityType":"FIELD_ENTITY","includeSubs":"false"}},{"events":["RECORD_COMMENT_ADDED"],"target":{"entityId":"5738648","entityType":"FIELD_ENTITY","includeSubs":"false"}}],"recordNotifications":[],"reminderTimezone":null,"reminders":[],"useComment":"true","useReminder":"false"},"plugins":[{"enabled":"true","id":"ajblhiocoadmlnjljhloimhacpohbpak"}],"reports":[],"resource":{"tables":[{"rows":[{"fields":[],"objectId":"0","subObjectId":"-1"}],"type":"AppName"},{"rows":[{"fields":[],"objectId":"0","subObjectId":"-1"}],"type":"AppDescription"},{"rows":[{"fields":[],"objectId":"5738646","subObjectId":"-1"},{"fields":[],"objectId":"5738647","subObjectId":"-1"},{"fields":[],"objectId":"5738648","subObjectId":"-1"},{"fields":[],"objectId":"5738649","subObjectId":"-1"},{"fields":[],"objectId":"5738650","subObjectId":"-1"},{"fields":[],"objectId":"5738651","subObjectId":"-1"},{"fields":[],"objectId":"5738652","subObjectId":"-1"},{"fields":[],"objectId":"5738653","subObjectId":"-1"},{"fields":[],"objectId":"5738658","subObjectId":"-1"},{"fields":[],"objectId":"5738654","subObjectId":"-1"},{"fields":[],"objectId":"5738655","subObjectId":"-1"},{"fields":[],"objectId":"5738659","subObjectId":"-1"},{"fields":[],"objectId":"5738656","subObjectId":"-1"},{"fields":[],"objectId":"5738657","subObjectId":"-1"},{"fields":[],"objectId":"5738660","subObjectId":"-1"},{"fields":[],"objectId":"5738661","subObjectId":"-1"}],"type":"FieldLabel"},{"rows":[{"fields":[],"objectId":"20","subObjectId":"-1"}],"type":"ViewName"}]},"schema":{"groups":[],"revision":null,"subTable":{"5738658":{"fieldList":{"5738654":{"id":"5738654","label":"AppId","properties":{"defaultValue":"","expression":"","hideExpression":"false","max":null,"min":null,"noLabel":"false","required":"false","unique":"false"},"type":"SINGLE_LINE_TEXT","var":"chobiitAppId"},"5738655":{"id":"5738655","label":"Number of requests","properties":{"defaultValue":null,"digit":"false","displayScale":null,"max":null,"min":null,"noLabel":"false","required":"false","roundingMode":null,"scale":null,"unique":"false","unit":"","unitPosition":"BEFORE"},"type":"DECIMAL","var":"appRequest"}},"id":"5738658","label":"Table","properties":{"noLabel":"true"},"type":"TABLE","var":"appTable"},"5738659":{"fieldList":{"5738656":{"id":"5738656","label":"User Name","properties":{"defaultValue":"","expression":"","hideExpression":"false","max":null,"min":null,"noLabel":"false","required":"false","unique":"false"},"type":"SINGLE_LINE_TEXT","var":"chobiitUser"},"5738657":{"id":"5738657","label":"Number of requests","properties":{"defaultValue":null,"digit":"false","displayScale":null,"max":null,"min":null,"noLabel":"false","required":"false","roundingMode":null,"scale":null,"unique":"false","unit":"","unitPosition":"BEFORE"},"type":"DECIMAL","var":"userRequest"}},"id":"5738659","label":"Table","properties":{"noLabel":"true"},"type":"TABLE","var":"userTable"}},"table":{"fieldList":{"5738646":{"id":"5738646","label":"Record number","properties":{"noLabel":"false","required":"true"},"type":"RECORD_ID","var":"Record_number"},"5738647":{"id":"5738647","label":"Updated by","properties":{"noLabel":"false","required":"true"},"type":"MODIFIER","var":"Updated_by"},"5738648":{"id":"5738648","label":"Created by","properties":{"noLabel":"false","required":"true"},"type":"CREATOR","var":"Created_by"},"5738649":{"id":"5738649","label":"Updated datetime","properties":{"noLabel":"false","required":"true"},"type":"MODIFIED_AT","var":"Updated_datetime"},"5738650":{"id":"5738650","label":"Created datetime","properties":{"noLabel":"false","required":"true"},"type":"CREATED_AT","var":"Created_datetime"},"5738651":{"id":"5738651","label":"Status","properties":{"noLabel":"false","required":"false"},"type":"STATUS","var":"Status"},"5738652":{"id":"5738652","label":"Assignee","properties":{"noLabel":"false","required":"false"},"type":"STATUS_ASSIGNEE","var":"Assignee"},"5738653":{"id":"5738653","label":"Categories","properties":{"noLabel":"false","required":"false"},"type":"CATEGORY","var":"Categories"},"5738660":{"id":"5738660","label":"Month used","properties":{"defaultExpression":null,"defaultValue":null,"noLabel":"false","required":"false","unique":"false"},"type":"DATE","var":"useMonth"},"5738661":{"id":"5738661","label":"Total requests","properties":{"defaultValue":null,"digit":"false","displayScale":null,"max":null,"min":null,"noLabel":"false","required":"false","roundingMode":null,"scale":null,"unique":"false","unit":"","unitPosition":"BEFORE"},"type":"DECIMAL","var":"totalRequest"}},"id":"1","label":"__ROOT__","properties":{"noLabel":"true"},"type":"TABLE","var":"__ROOT__"}},"settingsNotesForm":{"content":null,"willBeInherited":null},"status":{"actions":[],"filters":[],"initialStateId":null,"states":[],"useStatus":"false"},"uuid":"538d02e3-bb7d-42f6-a92c-4b47c29b8373","views":[{"advancedMode":null,"builtinType":"ALL","device":null,"fields":[{"row":[{"columnWidth":null,"id":"5738646"},{"columnWidth":null,"id":"5738660"},{"columnWidth":null,"id":"5738661"}]}],"filter":{"category":null,"offset":null,"order":[],"q":null,"size":null,"sort":[]},"html":null,"keyFieldId":null,"name":"(All records)","pager":null,"revision":null,"titleFieldId":null,"view":"20","viewType":"LIST"}]}],"description":"","iconKey":"2021110205435513675458D1B049258F049D302FDAFB86222","iconMeta":{"internalName":null,"mime":"image/png","name":"app.png"},"iconSrcAppId":"538d02e3-bb7d-42f6-a92c-4b47c29b8373","iconType":"BLOB","imagesMeta":[],"lookups":[],"name":"[Chobiit] Setting app","references":[],"version":"36"}